RevolvingUtilizationOfUnsecuredLines,age,NumberOfTime30-59DaysPastDueNotWorse,DebtRatio,MonthlyIncome,NumberOfOpenCreditLinesAndLoans,NumberOfTimes90DaysLate,NumberRealEstateLoansOrLines,NumberOfTime60-89DaysPastDueNotWorse,NumberOfDependents
0.35367665723356584,29,0,0.19603676786325192,6489.821191229134,11,0,2,1,0.0
0.2485580660782393,72,0,0.0824427303931708,3911.6235529260334,14,2,3,0,0.0
0.4159590873381714,27,0,0.38662085448634304,3380.0648859202993,7,0,3,0,0.0
0.15996757580999196,22,0,0.08186222014751084,4848.453231486313,5,1,3,0,3.0
0.5502830780616322,74,0,0.6341209094864168,5461.589210163141,2,1,0,2,3.0
0.11094528759339801,43,0,0.574925177951448,6600.202994903933,5,0,4,0,2.0
0.5098966417920571,59,1,0.24300499946628298,2432.8166024468464,7,0,2,1,3.0
0.17727037947274454,60,0,0.3553466598441726,5235.325906613134,7,1,3,0,0.0
0.19829047191334442,59,1,0.2942289713110573,6342.363301923963,4,0,4,0,1.0
0.37623678821354994,41,0,0.28822242358353173,6623.278956746495,1,0,3,0,0.0
0.5434668040445325,43,0,0.18284824116055762,4339.221077564858,6,1,3,0,1.0
0.08476376294265023,49,1,0.1063501413291817,4357.885703955328,13,2,4,0,2.0
0.3579287927839609,34,0,0.2890994633136141,4861.963190247279,14,0,3,0,4.0
0.2733207739503824,46,1,0.12876255203045814,5279.0790566153855,3,0,0,1,3.0
0.13437614109485027,71,1,0.28975110523172143,6953.896717437368,11,0,0,0,3.0
0.35325485000480755,25,1,0.32292785986204764,3184.85655881448,5,0,0,1,0.0
0.13279012143275798,51,0,0.3082064136612674,3820.619414590176,4,0,1,0,0.0
0.32643436842516804,45,0,0.15556985489127473,3002.883034031852,13,0,3,1,1.0
0.1658104012585459,51,0,0.4323577300945919,5641.631127557516,2,0,1,1,3.0
0.207734214505591,70,0,0.3596556902823915,6652.052288392071,12,0,2,0,2.0
0.26340848808284784,40,0,0.1909923895699258,2868.549868444581,7,0,4,0,0.0
0.39001433036648914,64,2,0.1681265235612631,5133.054960344306,14,1,2,0,3.0
0.15364547000727538,37,0,0.517637970775934,6543.504859967244,5,0,1,1,4.0
0.30550235119832064,65,0,0.255639728814536,6176.8202044295485,14,1,0,2,1.0
0.203313881265596,22,0,0.2555851612441491,6159.130786797736,7,0,3,1,0.0
0.18387687608823067,45,1,0.02591626659512828,3215.1868656601278,9,0,3,0,0.0
0.36782408723548077,33,2,0.4154717325007917,6154.151616377202,4,1,0,1,2.0
0.20209676646387698,59,1,0.5687938367180344,4721.1117234724825,5,2,3,0,0.0
0.18633950452881945,48,0,0.23596632189156563,6605.242721831421,9,0,4,0,3.0
0.2835202997539891,62,0,0.04724151570647977,5673.749832852099,13,0,4,0,3.0
0.10039930306621214,26,0,0.20201040655797092,3776.7488550354783,10,0,4,0,3.0
0.20772938916523406,23,0,0.3295736677945045,5418.217933331759,11,0,2,0,4.0
0.3096377073595142,55,0,0.3403944617957034,6227.774090678618,14,0,0,0,4.0
0.0443858001226034,38,1,0.2919015929836226,4240.453896382749,13,0,4,0,0.0
0.12457921344554526,31,0,0.11039082344301482,5193.20298818142,4,1,1,0,4.0
0.21100332015818626,74,0,0.4321724419346481,2995.085634576528,5,0,4,0,4.0
0.3581887554246956,40,1,0.19307610291752145,5823.547901946018,13,0,2,0,2.0
0.6522422663601021,25,2,0.07016984836989683,4915.604429560926,5,0,1,1,4.0
0.16226602605678067,39,1,0.32364870993564154,6371.129588944293,8,1,0,0,1.0
0.0694242954698856,42,0,0.1390747753918187,5781.300208816069,13,0,0,0,1.0
0.076848080809821,39,1,0.1573451677395136,4389.240209092676,4,0,4,0,1.0
0.1744335165862888,67,0,0.1288180690684436,3730.4466674741907,4,0,1,0,0.0
0.5434537469656785,36,0,0.1258846948919938,3385.3997490114743,13,0,1,4,3.0
0.061653913446673224,44,0,0.20967208142033944,4238.8670008268655,7,0,4,0,2.0
0.23568650663126414,61,1,0.1773176211523974,6330.645054178637,11,2,4,1,0.0
0.31329412667520323,24,1,0.09055157755286308,2365.59896944403,5,0,3,1,3.0
0.15258331470398612,35,1,0.09513879793646013,3446.412833541604,6,0,3,1,2.0
0.38688633601837824,45,0,0.35767028637511994,6288.499139985562,6,0,4,1,2.0
0.4845897602554896,64,1,0.16816323003211858,6993.428404627124,12,0,2,1,2.0
0.09593877797328496,55,0,0.46388487360298913,3525.2619751644143,6,0,3,2,1.0
0.3662241584833629,34,0,0.18016271901763037,3429.786390827649,14,0,4,0,1.0
0.29837284269070247,69,1,0.23305478691315526,7110.7403593578565,10,0,1,0,1.0
0.2237663665214278,39,1,0.13298224484895346,4814.608370648928,5,0,3,1,2.0
0.1642916485213648,58,0,0.0564984668249543,3658.1864313092674,13,0,2,0,2.0
0.46138582746288664,56,1,0.13167474622541392,6566.926834082929,13,1,0,0,1.0
0.09832146075036968,27,2,0.33668403319994805,5755.221194905999,5,0,1,0,2.0
0.179247512983417,50,0,0.06025734149987045,6104.981039952956,9,1,2,0,1.0
0.34301873259799726,39,0,0.24289831957773797,3736.3406273604796,13,1,2,0,1.0
0.2746698380360602,69,2,0.31512590862221257,5562.238011618957,8,0,2,2,1.0
0.4432945779277498,45,0,0.5464953435426448,6869.42924138474,4,0,1,2,3.0
0.13272443189522465,36,0,0.23806022391460635,5961.191540972328,7,0,2,0,2.0
0.4006430877209991,67,1,0.12702494691949723,6379.804877529634,8,1,0,0,0.0
0.32259603850098684,74,0,0.4249138969179783,7104.713824944352,12,1,3,1,1.0
0.2923618255131976,60,0,0.26168040172586565,5641.504579633032,9,0,1,0,0.0
0.11357697325263676,71,1,0.16167454733034117,4152.318608926252,5,0,2,1,3.0
0.34155895722546276,28,1,0.15163678064776173,6315.6667302979295,3,0,4,1,2.0
0.16999587395941756,38,0,0.4296665396334141,3341.4419736490636,13,1,3,0,1.0
0.8014732049023443,48,2,0.31053794433924864,4666.520759183437,4,0,1,1,1.0
0.13177062408757453,36,0,0.14450114677001633,5882.11884369374,10,0,4,0,1.0
0.12549965919150205,72,0,0.4581260399938943,1000.0,6,2,4,0,0.0
0.3370138954716539,39,0,0.12456133413749204,5378.695048019701,10,0,2,0,3.0
0.03439862200520179,62,1,0.5933613091248864,5449.439107891715,11,0,1,1,2.0
0.15937752033309405,37,0,0.3337997953400005,3296.0976176565846,5,0,2,0,3.0
0.2615158445906097,65,0,0.52227368817461,5488.790887623972,9,1,0,1,1.0
0.2491194021961276,33,0,0.07651515190110209,5284.922751884086,13,0,4,1,3.0
0.0685869246308145,27,0,0.38351903507776947,5050.957670575461,11,0,0,1,0.0
0.45950640724990544,47,0,0.45497229187698895,6784.150705642765,11,0,2,0,4.0
0.5414781386117564,30,0,0.48081256166785113,6318.364034775803,14,1,3,0,4.0
0.26059606181093153,54,1,0.08464524449489408,5959.974276070012,3,0,4,0,2.0
0.06753590748378506,56,0,0.5502389452162072,3463.667706135705,2,1,3,1,2.0
0.04676883497272682,45,2,0.5552098506957227,4973.987997224426,6,1,1,0,3.0
0.12713147658095109,26,0,0.34944308098822824,6776.6521095588505,13,0,4,0,2.0
0.3265987258278122,44,0,0.47686545279478937,4678.00726747806,7,0,0,1,0.0
0.11912486541113898,38,0,0.42158178247435296,7331.393029120356,5,0,3,0,1.0
0.10776704550146234,43,0,0.01926342122628917,6003.790109602252,1,0,1,0,1.0
0.32460102630740867,26,0,0.37158596907891883,7564.340844338367,3,0,4,0,3.0
0.21935449118475614,49,1,0.2343213522691157,3399.0016655228137,3,0,1,0,1.0
0.30479223202169464,45,0,0.21453123501308138,4768.01369206294,12,0,0,0,3.0
0.403730071467841,37,0,0.42969099081717904,4909.803465487922,14,0,4,0,2.0
0.18412892169781056,66,0,0.21036316226989954,5909.259959652805,4,1,1,0,2.0
0.23447365948588197,44,1,0.3566972978428143,3892.1036271762323,14,0,2,1,0.0
0.175068748991844,31,2,0.17797302062546042,2588.5894399452823,10,1,4,1,1.0
0.2673316734797696,46,0,0.24464652174690818,5567.296560467688,6,0,4,1,0.0
0.238699744225137,71,2,0.2683848586910916,4450.290128119899,5,0,4,0,4.0
0.32579561073076047,54,1,0.06776004454527226,4293.954437299748,1,0,4,1,0.0
0.4434878606676832,48,1,0.2616384480331696,3960.7866269581045,6,0,2,0,3.0
0.3855671372233749,23,0,0.33560100375164553,5185.833136776114,14,1,0,0,3.0
0.09615258168656671,31,1,0.3838032815694028,3384.713706568785,14,0,2,1,0.0
0.2089847738799713,58,0,0.19477696835778838,4708.70637944796,9,0,2,1,2.0
0.16619623428044838,34,0,0.34416528770380034,3756.9305276182668,11,0,1,0,4.0
0.22721487350505115,71,2,0.1441158488067729,4086.2338790203416,1,1,3,0,0.0
0.47592049646427265,46,0,0.09880088234097001,5530.7152771594365,8,0,3,0,2.0
0.11588479103164939,68,1,0.23669864017550185,5977.114793154193,8,0,1,0,0.0
0.1718540724955221,41,0,0.2589620086611777,4540.842610042337,3,0,2,1,1.0
0.24093580883068486,74,1,0.3317566821141284,6451.745590258306,13,0,1,0,3.0
0.19658545353951162,59,0,0.14844362569567263,3540.929613594334,9,0,4,0,1.0
0.15450740124203077,50,0,0.22320334751822235,2720.152092499519,11,1,1,1,1.0
0.3024753876496196,28,0,0.03668146500467023,2995.5122202262887,13,0,1,1,4.0
0.2628503990216566,71,1,0.21773441504590182,3386.8898118292364,13,0,4,1,2.0
0.17838548982713634,40,1,0.6945650818890275,3030.6601488255806,11,0,3,0,3.0
0.07140336869412171,68,0,0.10493633802481113,8031.730876844369,8,0,4,2,1.0
0.36804793518398216,52,0,0.49528514716697436,2674.6688186053625,3,0,0,0,3.0
0.16500239921085022,42,1,0.25116245822832417,6406.143355095369,10,0,1,0,2.0
0.6463769483914986,27,2,0.2755735036581805,4962.306726339088,5,0,1,0,0.0
0.5031230845032987,29,1,0.09895372423912556,5336.900700376865,3,0,3,1,1.0
0.40864698504559716,65,1,0.30658371821509667,3641.405430934303,5,1,2,1,2.0
0.3784719386186747,21,0,0.19506778675984895,5488.179087342026,9,0,4,2,3.0
0.4808171104256128,49,1,0.2602259004177,3629.1221673939526,12,0,2,0,2.0
0.45015277145501226,28,0,0.19079387305936055,6384.149273042669,4,0,0,1,0.0
0.31485465592718676,74,2,0.11639648266573245,6508.27021678135,6,0,4,1,2.0
0.3458306244455384,24,1,0.27683530034270337,4797.707094701118,3,0,0,0,3.0
0.5386521682270735,55,0,0.32604046719380464,4895.953841968582,3,0,0,1,1.0
0.30617217969438143,23,0,0.19772883266885483,5649.0858491402505,5,0,0,1,1.0
0.14558813424442504,74,0,0.14976055014110307,5572.414142086681,8,0,4,1,4.0
0.4518857472364912,65,1,0.16386587683553636,6536.219559700425,14,0,4,0,3.0
0.35993742481792457,60,0,0.4158043219078622,6493.768887815449,8,0,3,0,4.0
0.06190643377169209,27,0,0.3025972797621646,4956.738603981326,3,1,1,1,4.0
0.2328545928203029,47,0,0.32783176692536914,4284.163272567584,8,2,2,1,0.0
0.19208246644942936,21,0,0.36870241493895783,6217.429681792215,13,0,2,1,3.0
0.5199092769591175,47,1,0.049113922897548526,4765.571376668849,11,1,0,0,1.0
0.22019437403991562,36,2,0.11371592494651878,5170.615913429788,13,0,4,0,3.0
0.13772023575141254,58,1,0.5422667193532106,5795.474335776636,8,0,4,0,0.0
0.47197128618272305,27,0,0.06548109640738387,6463.335458113036,3,0,0,0,3.0
0.1588460545173127,64,0,0.1927432387439947,5391.272212862429,10,0,1,0,3.0
0.059689475270839516,43,0,0.4476795973482512,4119.20308118917,13,0,2,1,4.0
0.34081565965226834,61,0,0.22328563462774315,7695.515515796675,10,0,3,1,3.0
0.30664861826340883,31,1,0.1565478049670456,7295.512717315118,2,0,1,0,4.0
0.2789555071166884,62,1,0.24194982500539236,3472.994964121252,10,0,4,0,4.0
0.3288097857207583,73,1,0.23847334630297437,3632.342634613449,2,0,0,0,2.0
0.40649018963913885,53,0,0.17218516158124156,3820.979777211389,9,1,2,1,0.0
0.32345967824352123,70,0,0.02042688437823764,6272.826337572216,7,0,0,0,4.0
0.18134288505174043,56,0,0.11324901073748801,7752.71478758525,6,1,4,1,3.0
0.11034442080402906,57,0,0.24497741534151957,4240.590099243174,7,0,0,1,4.0
0.06261134174457317,61,1,0.17548334030908566,5253.90253687336,8,2,2,0,4.0
0.3893738659278771,37,1,0.41204580238224403,3871.0912096011207,12,0,0,1,4.0
0.22081199239815466,55,1,0.23234791853719763,7550.289147324436,1,1,2,1,1.0
0.17057746068742893,68,0,0.3974157224255461,6237.242512814724,8,0,0,1,1.0
0.06763603384706811,25,2,0.13477763949324836,3763.046654144211,3,0,0,0,1.0
0.20636937130196562,68,0,0.357330737731068,1846.4883335714712,3,0,2,0,1.0
0.35879012288277545,52,0,0.10706655885950396,6556.38058664235,6,1,0,0,2.0
0.316899984774653,23,0,0.22189568619705693,4141.272790678359,4,0,1,0,4.0
0.1365637082251592,72,1,0.4561786527942896,6264.098253816389,4,0,3,0,2.0
0.21708374305025172,67,0,0.12854892803398965,5440.535505275622,4,0,1,0,3.0
0.1363792431986001,55,0,0.3390682604076543,2248.555950913922,10,1,3,0,0.0
0.06373493040686784,72,0,0.29908551930343136,3789.834902289458,9,2,1,0,2.0
0.5785716282335199,34,1,0.13930068317535949,4468.782969070882,8,0,3,0,1.0
0.16737543318713216,68,0,0.4056898909083302,3986.315016123008,3,0,0,0,1.0
0.485750585203021,51,1,0.266186908967032,5174.252427328077,1,1,2,1,3.0
0.2231288814404552,51,0,0.4676025719445197,5602.072169226978,1,1,2,0,4.0
0.37344884728495387,37,0,0.20733232420421932,7684.039906260621,1,0,4,0,0.0
0.38660756941930585,44,0,0.5953236028833017,5708.320215314702,4,0,3,1,2.0
0.29103929254547434,72,0,0.6163832545815253,7236.651598579814,14,0,4,1,4.0
0.3584957567261279,43,0,0.2013096655359718,4284.774821688058,6,1,4,0,4.0
0.36884852544610003,38,1,0.600553413388054,6747.820120270513,4,0,3,1,2.0
0.43385584819172346,70,1,0.1545871065392779,4428.202864265107,11,0,2,0,2.0
0.05932432661715326,74,2,0.058479812699855,3624.474797786568,11,0,3,1,2.0
0.15373830274583952,34,1,0.4239217830293726,3561.0848626831466,3,0,0,1,2.0
0.690927168796683,70,1,0.09913152951386743,1037.0671121847981,8,0,4,1,1.0
0.04927096831835294,35,1,0.2875859696801259,6281.123934410238,14,0,4,0,4.0
0.18591584017139418,35,0,0.26482437055617436,3064.7074454899866,8,0,3,1,4.0
0.2715695031402613,26,0,0.2770575801457128,7112.217851920575,6,1,4,0,1.0
0.3219105263709601,47,1,0.290294631601735,4738.669246519188,9,0,2,0,4.0
0.48209428949031524,35,0,0.1378997666085281,2667.702877797861,12,0,4,0,2.0
0.319706275524256,70,0,0.23516186883653592,3323.404755439287,10,0,3,1,0.0
0.4916099383257625,56,0,0.1888724269235103,5285.952413471497,1,0,2,1,4.0
0.18417297086710416,28,1,0.267862610460514,2180.0637911841736,13,0,2,0,0.0
0.029392249773945323,35,0,0.22020585830688572,5884.9175104315445,8,0,4,0,0.0
0.43832440071116074,23,1,0.43788678798150116,2725.5015679108246,6,0,3,0,1.0
0.22019917819165558,67,0,0.2290532384549562,3891.5355022032154,1,0,4,1,3.0
0.1272898020531447,33,0,0.19054421388343984,5298.080503062336,4,0,0,2,4.0
0.5623099425360222,61,2,0.27029999473656957,5701.416035259797,5,1,0,0,1.0
0.1351692568264888,54,0,0.11402592082335619,6196.579694391406,7,0,2,1,1.0
0.18926525270317185,44,0,0.26098685329974136,3040.1809797303695,8,0,4,0,0.0
0.2788522124309327,60,0,0.01831142508433602,4537.320810481738,9,0,0,0,4.0
0.2584988688589334,52,0,0.3510279678762154,6639.499252976188,12,0,1,0,1.0
0.1713624183536284,52,1,0.3551038887211714,4537.6820509758045,12,1,0,0,2.0
0.3902904125361203,50,1,0.21368716631425136,5441.411676806693,6,0,4,1,1.0
0.13884092876465817,72,1,0.02420380127423078,5243.658887666103,10,0,4,0,2.0
0.4659217194194351,69,0,0.20042436318019838,6951.8557269367375,9,0,0,0,3.0
0.6157519764816631,33,0,0.4979263671038684,4301.136208736569,4,0,4,2,2.0
0.3073799210471541,21,0,0.10049310087523376,2915.0766069454467,8,2,4,0,2.0
0.3116610941567272,54,2,0.0027269051866313523,3548.1921647961517,3,1,1,1,0.0
0.1347012643177103,35,0,0.3679355370973839,5283.265969975283,4,0,2,1,1.0
0.7239031844967967,64,0,0.6801543339033393,2645.6888805049143,10,0,4,0,3.0
0.11910027770778647,34,1,0.21332626048352255,4183.379022398792,4,0,3,0,1.0
0.28538578892011157,49,0,0.27836909087162603,5113.124589461297,6,2,2,0,2.0
0.514309690041867,54,0,0.2582079670598781,3850.111843034888,9,0,2,0,2.0
0.15648979507517,38,0,0.15204420675474814,5490.27987163,6,0,3,2,1.0
0.26055752603134724,74,1,0.3506726458153348,6086.617643522428,1,0,0,0,3.0
0.13981359053542353,27,1,0.11531878379137869,5682.362899929011,5,0,1,0,3.0
0.388093991336372,49,0,0.20860869897844825,2678.7425599216585,9,0,4,0,0.0
0.4641645770320866,51,2,0.1671877395010777,5118.773281354441,5,0,0,0,2.0
0.12845804774166797,45,0,0.6100962729999972,5236.163460258124,6,2,3,0,2.0
0.0552063959733059,58,0,0.14400843252662404,4428.604822681261,3,0,1,0,0.0
0.017279127080126834,34,1,0.2960721561348102,5469.966519284558,8,0,1,0,1.0
0.15924986868506363,28,0,0.5535988860775679,5416.136863618411,10,0,1,1,2.0
0.2667449952728772,47,4,0.15706254046364715,4863.687144705549,11,1,3,1,1.0
0.529692033598347,74,0,0.5531692015218237,3493.5924829800206,13,0,0,0,3.0
0.3071017670062408,22,0,0.4508706195596076,4960.068571549801,4,0,4,1,4.0
0.2504805636294226,37,0,0.2125501506380619,7800.396391511619,4,0,1,0,0.0
0.40355832138751585,57,0,0.0764480819440446,4411.539456476461,11,1,1,0,2.0
0.3696214928596068,34,0,0.17002765611265735,6570.95818726401,12,1,0,0,0.0
0.22078097776764183,45,0,0.1621403091087569,5058.285530851432,5,0,1,0,3.0
0.09074148599417395,50,0,0.25939066305073377,3798.9065369954624,14,0,1,1,3.0
0.42629856137072764,49,0,0.12748340353383264,4555.104952670929,10,0,3,0,3.0
0.3076570372812911,40,0,0.2792792403677038,4974.694439437848,9,0,2,1,3.0
0.08686886954251043,41,0,0.2952191034097068,5982.817199418358,13,0,0,0,4.0
0.31988267906477214,73,0,0.41864093455468093,8570.068173228992,8,1,0,0,1.0
0.17245945458117015,42,1,0.21481843285531196,5081.99690902141,7,1,0,0,1.0
0.5236077465948994,55,0,0.26826379103882175,3153.711153062665,5,1,3,0,4.0
0.14411306049989406,57,1,0.11741468783872222,2518.133898082724,9,2,3,0,1.0
0.4369016405600799,36,0,0.44061129521745895,4367.3231460076,9,0,4,0,3.0
0.5620366156958401,70,0,0.43312838602622705,3307.8681500250696,10,0,3,1,1.0
0.20388080864478686,69,0,0.07960753670557788,5836.859446308896,10,0,0,1,0.0
0.26526006970231497,63,1,0.6571497027675718,5847.883585259623,2,0,4,0,1.0
0.342996453032718,37,1,0.10556563090041048,4781.03685153847,4,0,2,0,0.0
0.3081745146780117,36,0,0.45577858005916266,5986.079656849406,8,2,1,1,2.0
0.07847640863395768,22,0,0.3261524463226892,5097.139021653803,13,0,1,0,0.0
0.20417842853949858,24,0,0.33054784821840616,7801.360693052535,14,0,4,0,0.0
0.46757480171249854,41,0,0.21969682804700075,5939.18741953255,1,0,2,0,3.0
0.22444388214291414,59,0,0.4676456546306071,6343.425614222404,13,0,1,0,3.0
0.5642742600782021,54,0,0.16419793773352484,2827.8088837696423,5,0,4,2,3.0
0.45836380319932735,50,1,0.1587825512458851,3243.1468291561423,8,1,3,2,0.0
0.22873235215695734,26,1,0.13426781255682912,5718.25763915671,2,0,0,0,4.0
0.19416253232713945,37,0,0.31339767380116273,2676.1647376905053,2,1,2,1,3.0
0.11404878475035836,59,0,0.5457177263027482,4063.286235687347,13,0,1,0,3.0
0.11886389807223895,45,0,0.2667708209506943,6769.118919632581,8,0,0,0,0.0
0.22430032560849703,25,1,0.591010667949725,4031.216300441807,10,0,4,0,2.0
0.1748455929095408,25,1,0.17278202281125482,3185.400940569334,12,0,1,0,2.0
0.23810184430754955,40,1,0.26622263825145387,6001.314966958722,9,0,0,0,1.0
0.43794334939116214,36,1,0.04580561320113286,8110.298369061267,7,0,3,0,2.0
0.3050820962749862,71,0,0.27451916640783086,3787.0322647061926,8,0,2,1,3.0
0.4110151238583872,61,0,0.48907274388079625,6836.038697214255,5,0,4,1,4.0
0.23841138620236768,57,0,0.1748738915763296,3600.237550153193,1,1,1,0,1.0
0.30555856203807996,60,1,0.3236900444484675,4831.29832833948,4,0,3,0,4.0
0.22431198667381724,29,0,0.025534491738951424,4896.300590448281,2,1,2,0,4.0
0.22830350418430012,25,0,0.44493157006577677,3827.0273898770506,3,1,2,0,3.0
0.601389322500987,62,0,0.47773871306943355,6313.092967322207,12,0,3,1,0.0
0.1861016376343618,22,0,0.05828750037959769,2690.4186342138423,3,0,1,1,0.0
0.33223765339141825,29,1,0.2533444289339533,5292.571415238618,9,0,2,0,0.0
0.1535906531023021,63,1,0.45997086381975527,6611.246867289392,13,0,4,0,2.0
0.5895945688191788,56,0,0.19549362265248937,6188.245203866306,10,0,0,0,0.0
0.13601113584966545,42,1,0.12013147534651064,5736.822591178487,4,0,4,0,3.0
0.1452923245069306,42,0,0.30446606190066394,7377.949089802007,2,0,2,0,2.0
0.4696325075583425,42,1,0.41957879574479057,4670.5739493789715,3,0,0,0,0.0
0.34705488787399064,54,0,0.4017747542201126,2712.9107770749138,3,0,3,0,4.0
0.2243778179558153,49,1,0.19591088093809025,5202.81032835793,14,0,0,0,3.0
0.380680807328598,58,0,0.5589129771513833,4811.356534167964,7,0,0,0,3.0
0.25273846971971753,66,2,0.04888773111464507,1826.2691434402072,8,0,0,0,1.0
0.19184179202086682,53,0,0.3291812192197651,3312.3481092374186,13,1,2,1,3.0
0.21777087913042306,38,0,0.5283116942311492,3121.0609455245694,11,0,1,0,4.0
0.5469541833338392,27,2,0.27815374766307993,3778.2006117307265,13,0,2,0,3.0
0.43202781936331336,21,0,0.1872208517560372,4473.238603851961,6,0,1,0,1.0
0.337528941637207,53,0,0.23274937497566586,4530.689058193412,4,0,3,1,3.0
0.2801225539599779,21,1,0.20612151958892902,3831.7929070949162,6,1,3,0,3.0
0.20469271636460634,44,2,0.31044139954017036,3119.0921881494924,13,0,3,0,1.0
0.19782889115756616,24,0,0.2484909814977903,5566.1775631386145,11,0,3,1,3.0
0.42009875160522375,24,0,0.05662972018163624,5174.857791834022,1,0,3,1,2.0
0.0945684310647346,38,0,0.2522553128631693,5220.007247985562,13,0,4,0,3.0
0.0683369109310005,47,0,0.36522023714279805,7668.516829001344,10,0,2,1,0.0
0.37337115119161546,63,0,0.09007412552555247,5244.311080309679,8,1,1,1,0.0
0.18149745939782988,52,1,0.18589242656937072,4450.013341579251,1,0,3,0,2.0
0.4688203508208859,53,0,0.3535684667442016,4841.291011368243,5,0,4,1,3.0
0.4418376196321603,48,0,0.31986306599427183,5148.2288317693765,2,0,4,0,4.0
0.27311956524215825,62,0,0.17919410888124884,5923.690022317046,6,0,4,1,3.0
0.4417392325829916,61,1,0.29642152826266993,4932.919359736039,9,1,2,0,0.0
0.45149946593464635,56,0,0.17742303618200098,2085.618649226321,5,1,3,2,1.0
0.5143025110676812,26,0,0.25719201778483847,4344.8778151261595,4,1,4,0,2.0
0.19848042283768558,36,0,0.2648914077955798,5002.23976304518,14,0,4,2,1.0
0.05624495924290872,54,0,0.6241121621410357,6956.302348477472,2,0,3,0,4.0
0.013096916111202185,43,0,0.18184255880907657,3821.156531080421,12,0,2,0,3.0
0.4422153449338335,70,2,0.14127055096576316,2547.1087090690567,3,0,4,0,4.0
0.2563288233480382,62,2,0.3049937695476903,5096.565809841088,6,0,1,2,1.0
0.12008037150759632,44,0,0.3377281701674108,6299.355382263069,8,0,0,0,3.0
0.2906548683413762,69,1,0.2584129206102322,4409.865587896406,14,0,0,0,4.0
0.248426499061781,33,2,0.3510800983566489,8574.574230556167,8,0,0,1,0.0
0.27311496256388507,38,2,0.21602455788927533,8221.247098984459,5,0,2,0,0.0
0.23103274537339663,74,0,0.34558218624940856,4891.290928176623,5,0,4,0,2.0
0.3977583849607771,33,0,0.26130186536578104,5280.06973524983,10,0,0,0,0.0
0.12280995074610727,69,0,0.22984503430360903,7053.097211312965,14,0,0,0,0.0
0.24431246570620366,57,1,0.476713784241918,4865.247909304805,13,0,3,1,1.0
0.16905503117317644,63,0,0.5801768213724301,3793.8672241197237,3,0,4,0,0.0
0.3630143517577401,59,0,0.22918213867460263,6333.397859352894,7,0,4,0,0.0
0.15939157930324252,62,3,0.06478184428714182,5696.619263652944,13,0,3,1,1.0
0.09801246109614241,37,2,0.09289079335174275,3788.982781976282,6,0,4,0,0.0
0.32587444392919906,35,0,0.3179805388247897,5418.746255374638,1,0,1,2,0.0
0.3065108052415546,38,0,0.374157144085947,4759.909222087583,4,0,2,0,2.0
0.07671218365016587,43,1,0.14565173341076718,4422.35646298645,6,0,3,0,0.0
0.4728620841435421,74,0,0.48209507813038405,3821.240557499237,11,0,0,0,0.0
0.31570110112731165,71,1,0.2300717997579049,5182.104667433823,6,1,4,0,2.0
0.20630964194203893,50,0,0.5434628459167977,4601.213949665769,11,0,1,1,1.0
0.03867293865424374,54,1,0.3051662781677342,5427.059865138093,14,0,1,1,0.0
0.4168670056078366,24,1,0.5133408789977774,6229.756433097465,12,0,2,0,4.0
0.30526408172006453,23,0,0.11522839437432801,5347.349554146346,12,1,1,1,1.0
0.360409463644948,27,1,0.3184215087488298,5373.026899064489,3,0,4,0,1.0
0.31965237212640535,38,0,0.3522180649771682,4188.234397748785,6,1,4,0,0.0
0.06039203154803854,62,1,0.5617844103213969,6761.534021772302,12,2,1,0,2.0
0.21767561927151582,27,2,0.3160240504808472,3727.2060185318496,10,0,4,0,1.0
0.4233910425225104,60,0,0.1420833795049855,2582.011997287807,6,0,4,0,2.0
0.08575359616064851,26,1,0.12022215500522503,3393.5247790938693,12,0,0,1,4.0
0.24114210026316804,42,0,0.3875894369050782,6551.395867149308,9,0,3,0,2.0
0.10682136950093098,21,0,0.16931047300492572,5688.346730297411,9,0,4,0,3.0
0.39399743206671656,24,0,0.33907393688770004,6967.913934398084,2,1,4,0,2.0
0.25572263337086576,66,0,0.34620842955389397,3015.4227122500465,4,0,2,0,1.0
0.3840811292272226,69,1,0.45915484940587814,8480.327330401218,9,0,3,0,2.0
0.36614580595245383,72,0,0.3138399695942228,4574.47372213947,14,1,3,1,2.0
0.5816434885743039,70,2,0.08173169010125762,2359.484797337913,13,0,3,2,3.0
0.5621775612709531,63,0,0.311698555004379,8293.674750463479,4,1,1,0,3.0
0.08844444030069641,49,1,0.18178959501904166,3034.846607690995,8,1,0,0,0.0
0.3446235300029249,41,2,0.4293689041850479,4403.15642972418,10,0,0,1,1.0
0.6095654722173228,46,0,0.5987920382642633,4691.371639340501,12,0,2,1,0.0
0.3141309765261968,34,1,0.20521519615421616,5666.124713750492,3,0,3,0,3.0
0.6479463612947148,29,1,0.4484531554799256,3813.044786099954,3,0,3,1,2.0
0.22650191954925245,67,0,0.10349673576531018,6558.969843163665,9,0,4,2,3.0
0.4532267059451018,32,0,0.433368787487736,6130.454254266115,11,0,1,0,4.0
0.5996218506997747,62,0,0.40590804792751195,5028.600229670699,10,1,1,1,2.0
0.13623186235398355,71,0,0.5625908465260504,6986.4941516922445,8,0,2,1,0.0
0.2361379497655822,71,0,0.2808734004074397,4898.214918742892,1,0,0,0,2.0
0.6046614565204121,26,0,0.12488819407930994,4586.531219736939,10,1,3,0,4.0
0.2920487185984639,40,1,0.09727123126550928,7997.154149988248,14,0,2,0,3.0
0.4004222737895427,44,1,0.15369177842752885,5443.604063434832,2,0,1,1,1.0
0.45077109441955576,47,1,0.07986660363053485,3521.522925810997,3,0,1,0,1.0
0.18480186641013244,58,1,0.15173523508270215,3724.5960797047896,14,0,1,0,1.0
0.41019293380539773,28,0,0.37590350353873736,5028.4372109791275,11,3,3,0,3.0
0.34973434990572005,21,0,0.3446730154782701,1403.0025862064508,2,3,3,0,1.0
0.17561919698936396,74,0,0.5592254188743782,4050.5158021773677,3,0,3,0,4.0
0.2052622268743936,69,1,0.3553934052676229,4849.409017299678,8,0,4,0,3.0
0.6085560017364287,69,2,0.2741212961364927,4749.203719523426,11,1,0,0,1.0
0.14165877053537307,44,1,0.3448283710673583,3113.8351283850334,11,0,1,0,0.0
0.43593946275941003,67,0,0.13142322782251026,4327.226312840203,12,1,1,0,3.0
0.3082365330185971,27,0,0.3290915420112154,6769.705845748078,14,0,4,0,3.0
0.45500639880107346,39,2,0.5302524680049459,6459.723245514331,6,2,1,0,2.0
0.42754908476185066,42,0,0.14588327992579408,5143.424592093536,14,1,1,0,1.0
0.2781861683282088,55,1,0.533415889968878,4896.635035413513,7,0,3,0,0.0
0.18524055235766115,50,1,0.2757724467552563,4757.559877307157,10,0,3,1,4.0
0.5553171992560851,49,0,0.15022606432642288,5354.465093892385,13,0,0,1,3.0
0.5031820579410835,42,1,0.2672991460687457,5153.853267011765,10,0,1,1,4.0
0.32184672035858475,31,2,0.08543472302595274,5486.211456306541,6,0,2,1,4.0
0.2940375021670958,40,0,0.3939784538818685,5752.691262408283,1,1,1,1,4.0
0.12544938510343312,49,2,0.10498649610729115,3183.338766219199,11,1,1,0,2.0
0.44440125056011115,71,1,0.14775674679974993,4534.596962577949,3,0,0,1,4.0
0.5757688148776429,61,0,0.6294195857128236,5296.868614844297,13,2,2,1,1.0
0.12381086556612016,62,1,0.2345633511817024,3551.2473849146863,1,0,1,0,1.0
0.14174247492062755,54,1,0.1003688619145886,3989.2679684609275,12,0,2,1,0.0
0.18727519902269188,21,1,0.2834317002567806,4673.1549385721455,10,0,3,0,0.0
0.19126728643193613,51,0,0.3231244116055459,4746.748012645177,12,1,3,1,4.0
0.2750086185191396,50,1,0.38581297250427354,5324.904180336971,9,0,2,1,4.0
0.2594732652222252,68,0,0.5752927965494024,3727.953855563068,13,0,1,0,2.0
0.11601733753096195,38,0,0.2157635855611218,6452.0306823421015,9,0,2,0,4.0
0.5878548997680135,37,0,0.27492605589344976,4734.386164236759,5,0,2,0,4.0
0.14184427607987107,58,1,0.3980583837127872,5217.796552408101,4,0,3,1,4.0
0.26709409153878366,34,0,0.1924676895312847,4445.251337478167,12,0,2,0,3.0
0.16934940183695033,43,0,0.022435337112640757,5353.476125288769,9,0,4,0,3.0
0.5051295998717548,45,0,0.5476056770963187,7506.831739160945,9,0,4,1,2.0
0.21522630115591282,35,0,0.3139719426114794,4431.32173608061,3,0,3,0,2.0
0.30267928438841163,66,0,0.29612546639227916,4183.255468370469,5,2,1,0,1.0
0.6043368946581595,42,0,0.2571905905967187,3754.7666675334767,3,0,1,1,2.0
0.22644282471136645,23,2,0.2031602497530007,4910.567225475306,10,1,3,0,1.0
0.33001023491704745,39,0,0.6583371203518741,4893.194479595427,2,0,1,0,4.0
0.15526763571837746,64,0,0.38648631796728444,5077.164521897273,1,0,0,0,2.0
0.2640383541633144,54,0,0.16461438755634594,5702.3838196044735,12,0,4,0,2.0
0.3870555710169233,55,0,0.25772641327498735,5513.252160571109,10,0,0,1,2.0
0.12195815794277094,70,0,0.18495754810895457,4966.217777700939,2,0,0,0,1.0
0.23073436812794024,21,0,0.16215838177417413,7930.702352058368,8,0,0,2,1.0
0.33743284497625053,72,0,0.2012184144595195,6036.020426138108,11,0,3,0,0.0
0.07241046297913235,41,0,0.44107761296161646,3366.1100857390074,8,1,0,0,1.0
0.37822073548513974,49,0,0.031207938317003192,2682.1970213566096,3,0,2,0,1.0
0.3194343997975769,26,0,0.13050017071041609,3956.5263116983747,7,1,1,0,3.0
0.19725972017809695,57,0,0.47541132031453354,5228.987570075192,7,2,3,0,2.0
0.28717210051402103,21,0,0.3465067320409965,3830.7505160483233,2,0,2,0,1.0
0.6008221918617068,71,0,0.43087414539183905,4058.559132790171,9,1,2,0,2.0
0.09712260572285623,21,0,0.5215058713657127,5039.100557864726,3,0,4,0,2.0
0.2750073539162113,47,0,0.010138295449304141,4487.041011670584,2,2,4,0,3.0
0.5045933992123101,41,0,0.2856034288037722,1928.4488862973149,12,0,2,0,2.0
0.15951835961325392,73,0,0.34009823398020783,6615.7647927385815,3,0,4,0,1.0
0.21444346597451258,36,0,0.16627093073137436,6267.435336360247,2,0,1,0,2.0
0.46315732764973994,64,0,0.3829411394694468,3072.318712530451,8,0,1,0,0.0
0.27810240669822206,74,1,0.11872161308203279,5085.336649486808,5,0,4,0,0.0
0.185040538482732,60,0,0.2871240460014493,3325.1727045699663,3,0,0,0,3.0
0.11455555890742458,46,1,0.31696265571218174,4086.8051302175377,5,0,2,0,1.0
0.4228950555098883,36,0,0.3171039299025127,5729.229426283028,11,0,1,2,3.0
0.6440679634524121,48,2,0.259461046590961,6215.070676100079,11,0,4,1,0.0
0.3083255266751108,21,0,0.15935975828845048,6179.964408719247,8,0,4,0,1.0
0.4105774245043222,56,0,0.32846591189146984,5367.25880614993,7,1,1,1,2.0
0.19605420588440753,30,0,0.3801273210578333,6912.808604648668,6,1,1,1,1.0
0.13887477350878247,63,0,0.15855110642441314,4084.157450855927,14,0,0,0,4.0
0.09852676123919558,37,0,0.2027564986454772,4417.056254466053,13,0,4,0,1.0
0.36726113123900356,43,0,0.3422441747304999,1108.058175131987,1,0,4,0,2.0
0.5073793345737749,27,2,0.3159951277885979,4860.4152232524675,10,1,3,0,4.0
0.2364619685412546,64,1,0.4531928591456313,5869.540196054853,1,1,0,0,3.0
0.4056361401586,73,1,0.5218222509992693,5427.889418013352,1,1,1,0,1.0
0.26490977098893786,27,0,0.3974474709809602,4063.9694701349754,14,2,1,2,3.0
0.3808117943964557,64,0,0.3635930917575948,6266.788409471803,10,0,2,0,1.0
0.22533174704489528,35,0,0.6752183374964428,4889.25387143071,14,0,1,1,0.0
0.04515369517060627,54,0,0.18007518670273426,6149.640068013052,8,0,4,0,0.0
0.16436603283956178,66,1,0.2536187302597715,5729.224527659394,8,1,1,0,2.0
0.19143069972773935,65,0,0.365293911421978,7136.763438354543,14,1,4,1,0.0
0.2616461141449531,24,0,0.03942832510822815,5509.045043849306,7,0,4,0,4.0
0.35639372193893865,34,0,0.1947142076190782,5914.914009401422,6,0,0,0,4.0
0.08073936672491931,34,4,0.028129917194039924,4884.924366942345,4,0,1,0,1.0
0.10845747547886783,36,0,0.07293366766449352,4245.6647748815085,1,1,0,0,3.0
0.24552664654232526,27,0,0.11862886414735457,5736.098311340547,9,0,4,0,4.0
0.5453972463065507,52,1,0.1637881470175624,7254.0960463095635,1,0,1,0,1.0
0.3355411391283527,39,0,0.23621967043945774,4076.1790281155286,4,2,1,0,3.0
0.11193257488627385,22,1,0.2327017025956657,4627.795506818618,3,0,0,0,0.0
0.07861861954219991,30,0,0.2211459684951841,5039.975652826512,7,0,0,2,1.0
0.22324955997792298,70,1,0.3726563620776261,6027.34446491257,5,0,4,0,3.0
0.23934489305310983,37,0,0.17765064608181064,5518.186974332243,5,0,4,0,2.0
0.4691650839986767,57,1,0.21810344388550174,6369.5947346501,4,0,1,0,2.0
0.10930101287827769,32,1,0.31552443145992026,7960.8642134617185,1,0,1,1,4.0
0.350841738423868,26,0,0.15366218924228986,4041.6480350207057,5,0,3,1,3.0
0.11473327681688954,42,1,0.1319716188516645,5914.593467218085,4,0,3,1,2.0
0.5209560844968074,52,0,0.1732595587412267,5480.959667280756,14,0,2,0,4.0
0.46291911654104495,61,1,0.5620574186586472,5028.560326141925,10,0,4,0,1.0
0.4458084306295856,40,0,0.29488357110385327,5909.127835515174,13,0,2,2,1.0
0.45074564735850964,21,0,0.12043665225719907,4599.795469402381,8,0,2,0,3.0
0.207768701685737,74,0,0.07393900683946696,5484.568597470481,2,0,0,0,3.0
0.5530846398930729,67,0,0.35274048440049044,3042.0613554290767,8,0,0,0,3.0
0.2414057853315312,73,0,0.1899153714429389,4191.777082841266,1,1,3,0,3.0
0.35219914462398455,26,2,0.4289089703297658,6571.281221164644,13,1,2,0,2.0
0.5623335554103934,39,0,0.5043855261636115,6513.624473906631,4,0,3,0,2.0
0.066028107172517,38,0,0.26322239777365686,5389.149945077278,3,0,4,1,4.0
0.47801036279397796,26,0,0.21829574803133464,4320.425368415381,5,0,1,0,2.0
0.36195574219105253,65,1,0.2693908411623686,6237.898744527414,13,0,0,0,1.0
0.4016190764260652,53,1,0.1057077608228188,6854.7310722449565,5,0,4,1,4.0
0.14476908879022118,43,0,0.18662210918192718,4381.449695163481,5,0,4,1,2.0
0.14853618339714061,43,0,0.1545896902966359,2817.4704700222765,12,1,0,2,3.0
0.2673122822770018,46,0,0.09859590937443159,5673.702388181029,4,0,0,1,2.0
0.2665058948831771,33,1,0.0889605572329572,6370.652416111165,8,0,2,0,0.0
0.2016844401116823,27,0,0.5005148201804256,5881.225289507115,3,0,3,0,4.0
0.5191348577625704,35,1,0.11525513070746211,7347.61879584491,12,0,4,0,2.0
0.012576968831467986,64,0,0.5139897438751573,7353.950998292215,4,0,2,1,2.0
0.23005953211192406,47,0,0.28760484612626586,4541.9040550297495,1,0,2,0,1.0
0.08916247674529962,46,0,0.3000174266614449,5298.491578365679,7,0,4,0,3.0
0.5437183231209585,53,0,0.15473833632078493,4255.197736980434,1,1,4,0,3.0
0.3380641675028336,35,1,0.26778049084962896,3466.904455089014,2,3,1,0,1.0
0.22099377678765253,56,0,0.5784444840100174,3554.841042797015,11,0,3,0,1.0
0.12232166966906016,65,0,0.6112123152437525,6075.532029894564,7,0,4,1,0.0
0.32715774615691906,47,2,0.17275051871881564,5454.331281029665,1,0,0,0,4.0
0.09997482682028871,25,0,0.11750328478988527,6334.941260751259,11,0,1,1,3.0
0.33759203987394115,22,1,0.26446654572420614,8797.43211494969,3,1,3,0,1.0
0.5828544730774738,53,1,0.4442736864207381,5749.801404862096,13,0,0,0,1.0
0.5490326088038333,36,1,0.4885001616515699,3818.1191313494037,6,0,0,0,4.0
0.1444002153105774,43,0,0.5707501224127591,6552.690231012439,6,0,3,1,1.0
0.5397886850088234,58,0,0.3517280676555941,3790.2315614883364,6,0,1,0,0.0
0.049103914238015904,36,0,0.07789253918056706,7622.505327177115,11,0,0,0,4.0
0.2269298672078842,34,1,0.3406135277226437,2042.8262619919842,13,0,2,0,0.0
0.1507116244682386,49,1,0.14740390947170776,4180.176574496355,2,0,3,2,2.0
0.0397742668078514,46,1,0.35337540467323236,5933.20740966647,2,0,3,0,3.0
0.41995867755191874,55,0,0.030453098608795415,6766.281490736816,6,0,4,0,1.0
0.4703209324057288,35,0,0.11885037114608633,3984.5253105647266,10,1,1,0,4.0
0.45932256242566094,23,2,0.2886257745293543,3712.6130482200147,5,0,2,0,0.0
0.2928697416440324,43,0,0.20312604607892168,5222.5507874545665,14,1,2,0,3.0
0.3253208111970423,49,0,0.3421363710750839,7863.490775348579,7,0,4,0,3.0
0.608299740483025,54,0,0.4593497924310248,2692.4335500022803,7,0,0,1,1.0
0.227995917813659,53,1,0.45293068194226943,4528.8198542413,5,1,0,0,3.0
0.3285833899501695,61,0,0.44458776847730236,5390.277529588679,8,0,2,0,1.0
0.188908839828141,61,1,0.06197611409671978,3806.0759551382002,10,1,1,0,2.0
0.4759491652842039,43,1,0.2245958558619166,3800.9206734351064,6,1,0,0,1.0
0.46195246754850827,27,0,0.22592669717726407,4649.912578087322,5,0,3,0,0.0
0.33552196724204514,23,0,0.3696090114908352,5439.064739074212,4,1,4,0,3.0
0.2913305263540643,52,0,0.3823726476721543,4707.407530255006,7,2,1,0,3.0
0.3010360813901332,51,0,0.2620470969660386,7198.348478548947,4,1,0,1,3.0
0.32719066890772697,38,0,0.08740210684044285,5888.905667602626,5,1,2,1,1.0
0.06764099286707154,63,0,0.16918990042498394,5574.746034822608,5,0,4,0,4.0
0.33280396452018296,27,1,0.490605153962517,6541.480428962557,1,0,0,1,1.0
0.5689403837780267,61,0,0.25729342988194714,5601.2043371223845,1,0,2,0,0.0
0.16873682327409087,21,0,0.39680571077072413,4335.220059047799,3,0,0,1,1.0
0.32347850774297826,34,1,0.2231321782670057,4605.271320358426,14,2,4,0,3.0
0.25951423642259236,72,2,0.3841620840494814,3305.8456795828697,11,0,3,0,2.0
0.21073410761815942,52,0,0.6702247864514175,8007.317279811615,3,1,3,1,0.0
0.44543893158488235,26,0,0.6254564750179713,6396.085954601095,2,0,2,0,2.0
0.19252517781702655,59,0,0.07741995359793305,1160.627370274257,12,0,3,0,0.0
0.4215730229751968,30,2,0.2798727192762045,6999.6926489644875,2,0,4,0,0.0
0.3147556062634345,27,0,0.36124238442404194,2801.101039339079,6,0,2,0,3.0
0.08917514806890406,46,1,0.16217935797405736,5781.003466964419,13,0,0,0,1.0
0.18139749745536848,54,0,0.05447111958306618,1693.9613697329878,1,0,1,0,3.0
0.2888520759798477,50,0,0.12943528033783833,4357.80598805514,6,0,0,0,3.0
0.19122046404901066,56,0,0.31913447474041057,7011.400261612758,5,1,4,0,3.0
0.25463202598101103,41,1,0.46220401531460165,7094.950829929155,6,0,2,1,2.0
0.26260915795931455,37,0,0.4783625775331138,5460.163089205952,5,0,0,0,0.0
0.1868577020761625,53,1,0.4306554693184181,6181.1971898567845,7,0,2,0,4.0
0.1235656832485277,30,1,0.5197647487102666,2879.6446612873815,1,0,3,2,1.0
0.3590902667010948,71,0,0.13092151915516065,5807.499909004997,13,0,1,0,3.0
0.007247912732123117,67,1,0.24956671352526147,6276.456114922759,3,0,4,1,0.0
0.22541229173963975,62,0,0.060184593411559364,8854.618756550208,6,0,0,0,1.0
0.3682584032090778,71,0,0.38180161886546954,4065.171050477862,1,0,1,0,4.0
0.47005375734757493,32,0,0.06539305336108446,5024.454225542167,13,1,4,1,4.0
0.23340795938545686,36,0,0.43624548846068484,5117.172667478157,11,0,4,2,3.0
0.604550623924786,61,3,0.292305465677464,6047.875600664305,11,1,3,0,4.0
0.11161825582150756,52,0,0.4310898201801432,6320.766032323452,7,0,2,0,4.0
0.29180063638815756,35,0,0.2760335500375741,6591.372667684798,4,0,2,1,1.0
0.24367885033200437,47,1,0.5130626290782395,6481.943238969217,3,1,1,1,1.0
0.09117290073823889,48,1,0.39967885641630574,2778.3225612339247,10,0,3,0,3.0
0.34238261216894417,37,0,0.18132291358938624,1080.2046795264478,9,0,4,0,0.0
0.2613583638874165,66,0,0.23844764969704532,4228.435419375447,1,0,3,0,3.0
0.10545421749979744,70,2,0.21771973673941195,4946.874733090415,8,1,3,1,2.0
0.33941958951777684,22,0,0.026753189506249813,4080.0983610696508,1,0,1,0,4.0
0.06674404650508572,56,1,0.34531232939433626,4310.452785498349,13,1,2,0,0.0
0.39484478584956023,70,0,0.21487089483856184,4495.625858389699,14,0,3,0,1.0
0.17015973446901886,27,0,0.15061233878142233,5866.161499129054,5,0,3,0,2.0
0.6912093386389426,33,0,0.35871206588660387,3449.4619174414547,10,1,3,0,2.0
0.17016504307163668,35,0,0.23953485412585734,4883.258345058911,8,1,0,1,4.0
0.25965807209419905,45,0,0.2370592558434099,4894.7395756714395,6,0,3,0,1.0
0.34085924943352575,43,0,0.04149005210624487,5832.049007762729,7,0,3,0,0.0
0.1936145912070428,42,0,0.11762511728525295,6742.857259569355,11,1,4,0,1.0
0.4421189571746821,46,3,0.01873684858500058,7526.161097182093,8,0,0,0,4.0
0.2918146343826823,53,0,0.19743795058733335,3881.0138293678347,13,0,3,0,2.0
0.0431616328618451,31,0,0.36063826174850805,2000.038084153261,6,0,3,0,4.0
0.08526285170391149,30,1,0.34720439636832157,4637.107656897071,11,0,1,1,3.0
0.47376583548934953,45,0,0.12613806522894808,2617.0747125502303,6,1,1,2,2.0
0.2739533039710695,57,1,0.1895290726096131,9101.865363885458,11,0,0,0,4.0
0.23739520744884943,68,0,0.12783366024590845,3690.679221735454,6,0,4,0,0.0
0.2670788820929144,63,2,0.1650632337798224,5845.7506484790965,5,0,0,0,0.0
0.1034879707346583,73,2,0.33224457260126844,6401.099160011644,8,0,0,1,0.0
0.22795113216234186,58,0,0.5594104261726683,5510.933492357005,13,0,1,0,3.0
0.2627333305254055,61,0,0.21490945720952487,8115.080526963799,2,0,1,0,1.0
0.6891140409001313,65,1,0.40673186606089173,4696.278289826284,7,1,4,0,0.0
0.2505649400674639,44,1,0.17149252072240892,3747.677363942773,4,0,3,0,3.0
0.24464969297662237,60,0,0.2869873709506759,3670.0630817731126,1,0,4,1,0.0
0.2767384149382149,66,1,0.6097063619768305,6125.008541905523,13,1,3,0,3.0
0.27220512050485735,53,0,0.13408080519238394,4715.302630602414,5,1,2,0,0.0
0.22994845690931623,37,0,0.021521042438623555,3670.266515895174,3,1,1,0,1.0
0.42570532098434083,44,0,0.316735533619219,5661.957823285358,4,0,2,0,4.0
0.22271118741639412,57,1,0.2230422896417759,6063.87383763247,7,3,2,0,0.0
0.4773689304451496,22,0,0.5042615586728557,5406.957779429316,5,0,1,0,4.0
0.23101298651698982,52,0,0.538573739069376,6349.394588503411,14,0,2,1,0.0
0.43144353619464987,44,1,0.11848572290214796,5132.14791927547,4,0,0,0,1.0
0.38687976021019077,29,0,0.1968708359904082,4109.56199422811,1,1,3,1,4.0
0.20867813507832503,24,1,0.6863347615028859,6217.100107267265,6,0,4,1,3.0
0.09002499819996725,37,1,0.1445841090570447,3664.8676197074965,11,1,1,0,0.0
0.6038569167009646,37,0,0.056929127538524145,3306.6719792000354,10,0,0,1,0.0
0.22652332523012098,73,0,0.1601518837077127,6733.9244738009975,6,0,4,0,3.0
0.3042970610133372,70,1,0.19594651978059027,4478.228043475112,7,0,4,0,1.0
0.16462586137498683,68,0,0.5321414963812348,7498.525864167458,1,1,4,2,2.0
0.1823972362349482,50,1,0.3762317506472548,6284.89218008991,14,0,2,0,0.0
0.4766491048877699,60,0,0.3100097064950298,4364.241929148741,4,0,2,0,3.0
0.5264086385938195,31,0,0.23951596688297525,5729.332148394001,12,0,2,1,2.0
0.36092031234155697,41,1,0.1601592736435003,8792.570411670315,9,1,2,1,0.0
0.2509553296201303,41,0,0.08355979673198739,6131.409714218588,12,0,0,0,4.0
0.3835316726535463,38,0,0.4024211706264605,5872.54836011366,14,1,2,0,3.0
0.19591171866205373,49,0,0.012272302072955264,4107.918389530069,10,1,1,1,4.0
0.2976150813463317,44,3,0.1866117833397217,7766.832044298091,6,0,4,1,1.0
0.13237350274514814,30,1,0.2911985910775454,6976.906570269459,2,2,0,0,2.0
0.12631168044090502,65,1,0.46109700741174464,4121.656952409947,4,0,2,1,3.0
0.35476652265808534,37,0,0.1029472872384575,7820.619283114687,6,1,4,1,0.0
0.3219807096428471,38,1,0.6925495853872028,5247.126824753522,4,0,0,0,0.0
0.310809260614259,62,1,0.11753155709881125,3739.4274879949594,10,0,4,0,2.0
0.22661352635262422,68,1,0.4439189480675059,4102.221939772195,7,0,0,0,4.0
0.3116613226660596,40,1,0.231224684254668,6316.552050612166,12,0,3,1,4.0
0.17217359051439798,57,0,0.2515096622183431,3749.749764716751,13,1,0,0,3.0
0.041466975212824844,65,0,0.5225892590474959,3345.3254134206263,3,1,2,0,3.0
0.2761974130074415,38,0,0.3244551983903932,4341.688276372285,6,0,4,0,4.0
0.09425356031693806,37,0,0.10230910340230569,4565.730163385581,13,0,4,0,3.0
0.4118445340829866,29,1,0.479773059690034,3990.026711542157,12,0,4,0,4.0
0.5157009792685964,34,0,0.42206186620568714,4319.082659092954,4,0,1,0,2.0
0.6342283268293691,69,2,0.22988674579609852,6375.3968510920895,3,0,1,0,3.0
0.27170217319000567,49,1,0.11751610138436226,5384.753654719173,12,1,2,1,4.0
0.16115555595365097,51,0,0.2578907068688469,4226.5388702772425,3,0,3,0,3.0
0.3019616530585536,24,0,0.19376642197902988,4358.227876579573,14,2,1,4,0.0
0.24747616586330073,38,0,0.29500578904354197,4802.515735607971,2,0,0,1,0.0
0.2773672197869529,40,3,0.7322954813064554,4888.378688114718,11,0,2,0,1.0
0.47222499596045936,67,0,0.25122536774602194,4894.720615673879,3,1,3,1,4.0
0.21903951367592533,63,0,0.24889081296132662,6320.371494574977,13,0,0,1,1.0
0.25130404126245265,64,0,0.1521352540527077,5295.5576064380975,12,2,4,0,4.0
0.13449891422559376,29,1,0.24851326104221091,5339.686514898823,14,0,1,1,3.0
0.2575375190463321,33,2,0.22580839831862326,7140.178030550133,10,0,0,0,4.0
0.5758311543371692,35,0,0.20412277332518328,7814.977147838103,1,0,3,1,0.0
0.17478898807467766,47,0,0.308197413627099,3153.543070703002,3,0,2,1,3.0
0.4404393990716352,35,2,0.21297517541621394,2631.6378314065723,9,0,0,0,0.0
0.23996872315505707,48,0,0.30362405674844883,4475.89082806642,4,0,2,1,3.0
0.4457504855829945,57,0,0.42739026151768406,6174.692859341972,3,0,4,0,4.0
0.41814573239418396,39,0,0.1786653480526711,5563.979599981146,8,0,3,0,4.0
0.12477872464880943,46,0,0.3790013031353368,6581.1495540678225,1,1,3,1,0.0
0.4135696874278296,72,0,0.731709505388152,4411.454231461829,5,2,1,1,2.0
0.08552216071945434,46,0,0.5533476637916759,2064.9397517329976,1,0,3,0,4.0
0.10238495285184403,45,1,0.4406223526497513,2949.827403082962,7,0,0,1,2.0
0.22850508874050057,46,0,0.483367359652126,5847.101087987902,5,0,0,0,3.0
0.5466614162505907,46,0,0.29475548483835345,6592.630408337328,2,1,0,1,2.0
0.35108503224370974,66,0,0.6639436171646499,2139.8047278468357,12,0,4,0,0.0
0.13941057604626686,48,0,0.15499937177279907,7115.986299962062,14,0,3,0,1.0
0.05369951548994858,69,0,0.1813786575104841,5696.948767699408,1,0,3,1,1.0
0.3806987361056626,38,0,0.06244085410619539,4894.3668525809435,11,0,0,1,0.0
0.2794224044294483,52,0,0.17289336566910804,4059.765263223246,7,0,1,1,1.0
0.3066911814390244,73,1,0.18208628174328234,7386.741615243498,12,0,1,0,0.0
0.34303308364673246,23,1,0.12421554948424353,6345.509649033601,1,0,3,0,4.0
0.47611454437072104,22,0,0.2720903577786301,5736.2351778149705,3,1,3,0,2.0
0.2554704259647891,53,0,0.3571723123839297,3902.896246694953,11,0,2,0,1.0
0.5012006017832084,62,0,0.39430695982581615,7421.271840350584,6,0,3,0,4.0
0.15400666296079904,39,3,0.31311721566727846,5045.526736932214,6,0,0,0,1.0
0.06323234040516468,37,0,0.5589107494946306,5448.52618558718,7,0,4,1,3.0
0.44834545888275384,64,0,0.41734588297957415,5109.589097266322,11,0,3,0,0.0
0.10997586339778063,53,0,0.4463355360380402,3851.67430306791,14,1,3,0,0.0
0.29980310270744265,32,2,0.0408027855229649,5479.581478875307,11,0,0,0,4.0
0.5363077304756033,69,1,0.2679556765393003,6045.407842187605,1,0,2,0,3.0
0.06705426999363957,23,0,0.2850587489348461,4337.588884799567,7,0,3,0,2.0
0.3373425781481131,63,0,0.1910459447353205,5351.114991158466,2,0,1,3,3.0
0.06163751556213369,69,1,0.3586881764747631,5087.749136565419,6,0,1,0,3.0
0.2669105924136806,46,0,0.07073674574940987,6372.696994211994,13,0,1,0,2.0
0.014681933127792124,55,0,0.44475498178723255,4551.588093097092,8,0,4,1,2.0
0.09291290127017372,28,0,0.6141021048619308,5339.856445526611,13,0,4,0,3.0
0.16208459011388984,72,1,0.2975971311354235,5655.754101988421,5,1,3,0,1.0
0.05558771864927384,56,0,0.1806794747930841,4517.649356333648,10,0,3,0,1.0
0.3628731421368042,73,0,0.6886746681368062,3761.9681484807325,3,0,3,2,3.0
0.32618555306964203,74,0,0.12009779856309766,4006.090821121843,11,0,4,0,1.0
0.5516768599767246,27,0,0.07523245403419755,5613.785054792867,8,0,3,1,2.0
0.10991865606237472,66,1,0.13894030529232382,4647.025830084106,8,0,0,1,2.0
0.21718481039517945,66,1,0.35274615037333085,4627.115812121535,4,0,2,0,1.0
0.07822097883115157,56,0,0.3280493693482228,5906.2213505236,8,0,1,1,2.0
0.1767688055025618,36,0,0.2702609369766037,6529.23728454297,5,0,1,2,0.0
0.5954379734962468,44,3,0.5326348123247053,6787.57381001723,13,0,0,0,2.0
0.39717268660938093,74,0,0.45574804059041285,4081.248262846389,11,0,3,0,3.0
0.1055672064555032,21,1,0.2534765507554503,6384.118428196489,5,0,4,1,4.0
0.031185910555505757,69,0,0.2945155083532679,8127.474640322977,3,0,3,0,1.0
0.027957961979081927,45,1,0.2452487162981208,5189.105299445508,7,0,3,0,1.0
0.36797659433535934,30,0,0.4006935253299534,4890.0347101160105,11,0,1,0,2.0
0.159129571300425,74,0,0.49078306766748864,4577.3586242489,14,0,1,1,2.0
0.7380869638355531,36,0,0.19432854925317436,3404.3642231914982,11,0,4,0,4.0
0.24369917696780016,36,0,0.3696539785057905,6263.380244607258,9,0,1,1,4.0
0.17097774059130702,28,0,0.06449793582543173,4896.708133690604,9,0,3,0,3.0
0.08072398199878913,49,0,0.06046444423612886,4775.435266963993,1,0,0,0,0.0
0.4477791997522805,59,0,0.2805544529045464,6031.015157120248,1,0,4,0,3.0
0.19735165471552502,48,0,0.42366430058713644,6169.224576308049,10,1,0,0,1.0
0.26147296955370153,26,1,0.07160624692200522,4098.7350970027765,12,0,3,4,2.0
0.2791904822094437,36,0,0.20392190306545543,4134.553512529344,12,1,4,0,3.0
0.24924642287697085,40,0,0.3413050488881265,4067.966539271072,11,0,0,0,2.0
0.38880045320267814,36,1,0.524890332342178,8170.271454196917,5,0,4,1,2.0
0.08983097773481848,27,0,0.48525772219468727,7215.718979995247,1,1,3,0,3.0
0.2393537041475697,61,0,0.20064755186658767,6060.560633811903,4,0,4,0,3.0
0.20045204994057464,34,1,0.2991251437145478,4436.883142759034,12,1,3,0,4.0
0.40099694375353145,63,0,0.3065548894932186,4614.6064515228245,1,0,4,0,0.0
0.4674355152035755,46,0,0.0827832370216494,5545.155984614616,2,1,4,1,4.0
0.12791579245418194,46,0,0.08232164693452454,8313.69534982567,2,0,1,1,0.0
0.40373494198452503,34,2,0.7043767049453469,5433.315738708895,4,0,3,2,3.0
0.08948655761560051,27,1,0.07546889554794962,5763.238364701888,8,0,2,0,0.0
0.24781566399063273,53,0,0.4074376952197925,1176.528400179297,2,0,4,0,1.0
0.26449203451846,46,1,0.15242274086415486,5386.368390945065,14,1,0,0,4.0
0.4549932251283338,65,1,0.478849396016406,2909.207799866583,9,0,1,0,4.0
0.38950793387251037,40,0,0.18936433826966562,4269.507624137587,12,0,1,0,4.0
0.09718177285658083,23,1,0.31352142267359173,5070.328882609786,9,1,4,1,2.0
0.3828986050331805,72,1,0.3128548802977228,4546.8474366088885,2,0,2,0,2.0
0.297838427885603,24,1,0.12179968499430346,4046.0601189499625,1,1,1,0,3.0
0.5903979088514874,46,0,0.02778517022841205,4059.4296405015834,10,0,3,2,3.0
0.17609833187507087,31,2,0.2981501989503808,4683.427602262616,10,1,4,0,2.0
0.2144134952920709,22,1,0.3984209263270517,4617.937372292603,9,1,4,1,4.0
0.6204682337798468,34,0,0.5601739646426847,5030.408851980074,2,0,2,0,2.0
0.48723314496000425,64,0,0.03396438098234041,4918.282523234513,8,1,3,2,0.0
0.09620692451496077,50,1,0.207004142269114,6918.313935879628,14,0,3,0,4.0
0.24965580347196684,69,1,0.1273410400153243,1925.5990340917201,3,0,2,0,2.0
0.34123779909224605,32,1,0.31912116011651775,5367.459785375632,1,0,0,0,3.0
0.4009150563139554,46,1,0.5540329927910388,5106.514415372721,11,0,3,0,2.0
0.11793590761943248,64,2,0.18115114572684118,4798.714477761207,1,1,0,0,1.0
0.5572754113921149,53,0,0.06546806894852222,3941.2843621536567,10,0,0,0,2.0
0.06294278801876782,33,1,0.3626674375030051,4775.437272982215,2,0,4,0,4.0
0.12295220654768162,34,2,0.47938403245784106,2549.7386628506465,7,0,4,0,2.0
0.5302969759506505,44,0,0.6270238351359777,5310.076838300625,12,0,1,0,3.0
0.2709993961105075,54,0,0.06758817320138429,5582.088752631344,6,2,4,0,0.0
0.27708902751884185,64,0,0.15001595587934846,3943.897260475356,12,0,3,0,1.0
0.301184192228817,46,1,0.0461513933285641,7911.036563177622,11,0,3,0,4.0
0.14014940155761468,41,0,0.8192270231837387,4819.333442377263,2,0,0,0,3.0
0.07373378490111673,48,0,0.6121247703991186,5066.109234940087,4,0,3,1,1.0
0.32915651051709327,68,0,0.24179724638757874,7003.672496825233,2,0,4,1,2.0
0.359768584824016,56,0,0.2994859679997041,8213.185204802334,1,0,4,0,1.0
0.30977747327024047,60,1,0.3568511887007339,3314.9908791062344,12,1,4,0,0.0
0.18035041428788406,22,1,0.2788739314507413,4134.256281689989,3,1,2,0,1.0
0.11049325801614986,62,0,0.10609437158701693,4845.984246510653,4,0,3,3,1.0
0.2268526189451653,29,1,0.19025940071227196,3885.690965534567,10,0,1,0,2.0
0.6389059701703222,43,0,0.057355354436452684,6269.1687820257575,5,0,3,0,2.0
0.24313915351568324,35,0,0.30348818041641556,3720.525745923249,5,0,3,0,4.0
0.21596804604807857,33,0,0.31880162045326,6899.904745319951,7,1,2,0,2.0
0.24855717435847977,43,0,0.2898616889397221,5935.47087396121,14,0,3,2,1.0
0.23747045971287373,37,0,0.5471214631422396,6746.0647792759755,10,0,0,0,0.0
0.5319284493276698,68,0,0.17186424060791233,3727.2441002324704,8,1,4,0,2.0
0.39043892434622446,22,0,0.21974950908175822,4424.758376120677,9,0,4,1,4.0
0.16973758904288572,40,0,0.1715517850199198,6346.978321676108,12,0,2,1,4.0
0.204026175015018,40,0,0.5445578517067332,6074.889784250871,7,1,4,0,1.0
0.25492632671059895,66,0,0.40886442677721646,4569.711858570488,5,0,0,0,2.0
0.28906082696293733,23,0,0.0526420433886819,4783.201303470633,9,0,2,0,2.0
0.14078969013769074,32,1,0.1722453097287672,4348.478078270217,8,0,1,1,4.0
0.18846863488275697,60,1,0.2129492079516529,4742.833963284459,10,0,4,1,2.0
0.5651992012277928,22,1,0.24020997863677873,3551.9891907099227,9,0,3,1,1.0
0.5441384134079766,56,1,0.3815194851990286,3300.1738201075095,10,0,0,0,0.0
0.20749581324893812,34,0,0.48776476839669924,6508.145773420135,8,0,0,1,1.0
0.1937947313120766,36,1,0.49457125086458237,4691.893354875017,6,0,4,1,2.0
0.39173659785710696,39,0,0.17687109567243786,6726.991611321052,4,0,1,2,1.0
0.0549042835324885,54,2,0.11001523043351932,5893.977202579119,9,0,3,1,3.0
0.513200034727355,64,0,0.0547998740917902,5468.015768910074,12,0,1,1,3.0
0.16801384883050952,66,1,0.1285201296638159,3934.6673893923253,9,1,1,1,2.0
0.34984513829632496,26,2,0.24709075552934062,3183.830339002994,10,0,4,0,2.0
0.06470899156806993,33,1,0.2912651436832966,4314.63692190928,10,0,3,0,0.0
0.3992098512519557,56,0,0.333266224438683,7297.876111135327,9,0,4,0,1.0
0.3602074853627584,42,0,0.12182816336422075,6333.43529430075,14,0,4,0,0.0
0.3368158164406375,38,0,0.21872710712176047,4174.379019252904,10,0,0,0,2.0
0.12566751557557146,32,0,0.3166997606381514,4331.659653893688,3,1,4,2,2.0
0.18674564305294103,72,1,0.3746698476439827,3606.3657791142673,11,2,2,1,4.0
0.3090542956810058,74,0,0.10420674530743979,2679.371581198704,12,0,3,0,0.0
0.16110471655100672,50,1,0.4954937695677136,5152.400019956791,3,0,0,0,2.0
0.15601939383489905,73,0,0.14200825080304574,7587.616114574591,11,0,3,0,3.0
0.4891720840330514,71,0,0.22575205302022616,7606.4490501633245,6,0,0,1,4.0
0.0405952160464261,60,1,0.10799222089078264,5911.855939667905,6,0,2,1,1.0
0.5013100171730703,27,0,0.3470546088832634,4095.9913393263105,13,0,4,1,4.0
0.125480123667906,52,0,0.054987927134188125,2825.7796864041884,13,1,0,0,1.0
0.37832624698778555,68,0,0.46534399142068744,6570.593278464068,6,0,0,1,3.0
0.32221290371486117,39,0,0.4864891192762869,5670.825202335653,5,0,0,1,1.0
0.12136225357209524,26,0,0.178773595189683,4525.657740034216,14,0,2,0,0.0
0.16476671994108208,40,0,0.307615975924672,4275.061846531591,5,0,3,1,1.0
0.42106902306580285,47,1,0.40935304628890096,5900.654866438764,2,0,2,1,1.0
0.22306564310409913,73,0,0.30328086839317164,3760.067723229279,14,0,0,0,4.0
0.7475416808203147,63,0,0.26630871780974497,5358.848250350063,7,0,0,0,3.0
0.17653263115212867,57,0,0.404011496531814,3170.267379858735,12,0,4,0,1.0
0.16939987569774237,68,1,0.3154967044251667,8342.767379657342,4,0,2,0,0.0
0.10123676310915995,27,0,0.6810635611627218,3969.4289215875574,14,0,2,0,4.0
0.15521976788527783,25,1,0.08216495728985666,5972.5984344117,3,0,1,0,3.0
0.2516719879928031,31,0,0.4208886643090594,3202.96753049757,8,0,3,1,3.0
0.6988438963940432,35,0,0.3696175661770828,4755.120261350925,4,0,1,0,2.0
0.16287619472878653,23,0,0.42131037523315984,6326.927835145131,11,0,1,0,0.0
0.03586107451957101,25,0,0.34395983082513787,6651.433070936013,4,0,3,0,4.0
0.18689261626561332,43,0,0.34359845648953624,6144.932394654376,8,0,4,0,4.0
0.28021975907890234,73,0,0.2864677150228467,4792.63350601541,1,0,4,0,0.0
0.5039853388745347,57,1,0.3113498878316093,4001.0735058417094,9,1,3,0,3.0
0.2905356993774629,29,0,0.3440726117660393,3383.484322221291,14,0,3,2,1.0
0.21370325400439458,35,0,0.2286741970256825,7255.697881656689,7,0,2,0,0.0
0.17420404077010232,23,0,0.08306559281568515,5155.0568599829385,12,0,2,1,4.0
0.39919600736253635,49,0,0.4876001283494848,5432.358840632848,2,0,2,2,0.0
0.2659319496638474,26,3,0.25431612816278326,6748.054780649162,11,1,2,0,3.0
0.4020401338219225,37,0,0.29671951085476717,5880.096925332555,12,0,0,2,2.0
0.1054043592980552,46,0,0.0827349225691826,4808.874120353551,6,1,0,1,2.0
0.18962207868009487,41,0,0.2884748649112066,6116.605172570769,8,0,4,0,1.0
0.3548328182831716,28,0,0.11388157164575133,4066.1804772324194,11,0,0,2,1.0
0.07851743073924757,41,1,0.15055055566050704,2673.2877837775072,5,0,0,1,3.0
0.12350488995470801,31,1,0.48848744664821203,7117.763363026774,6,0,2,0,1.0
0.24137784545030638,58,2,0.10700984925728911,4191.194780399332,12,0,2,0,2.0
0.4688543103047804,28,1,0.3041111463655416,4543.565055923973,10,0,3,0,3.0
0.5491671814360513,62,3,0.16984518301056292,4675.874862310716,8,0,2,0,3.0
0.13208665662881736,44,1,0.05650957196862993,4096.6919604235845,13,0,3,0,3.0
0.29893631402013454,55,0,0.572323870055454,6652.000792262898,6,0,3,1,0.0
0.5146805029932751,34,1,0.28174590994867704,5561.684290312942,12,0,0,0,1.0
0.40089713682600786,34,0,0.059664823907992916,4544.319650303801,9,0,2,0,4.0
0.2842255949831302,30,0,0.08943154931600905,3086.4966784475837,12,0,0,0,2.0
0.31754411011338207,32,0,0.5198990764934562,5455.696723041131,9,1,2,1,1.0
0.13848346987034896,58,0,0.41973857090657557,1324.085483632955,9,1,0,0,2.0
0.20097123645401038,64,0,0.29234823423459855,5349.1190428541695,6,0,0,0,1.0
0.24188964316220724,66,0,0.06630029654000696,7014.770667283097,12,1,0,0,4.0
0.2295611941890383,54,0,0.29529115737996897,5096.837614323581,12,0,4,0,2.0
0.2156860757163646,61,0,0.3149950236185805,6809.4909555890445,9,0,0,2,4.0
0.12310958018220286,30,2,0.10012917915121991,3156.233641643369,3,0,1,0,2.0
0.5160624858560737,37,2,0.3723260430423879,8057.812092933239,5,0,1,0,0.0
0.2623139249573352,37,1,0.18320942353660433,6645.928157812523,2,0,1,1,0.0
0.2309942687514944,23,0,0.18609384109798505,5713.9487932673355,12,1,3,0,2.0
0.09595128593448145,51,0,0.27117990428929256,4102.408317664604,13,0,0,0,2.0
0.340353357371217,71,1,0.6220625890030146,3853.2168447581757,13,1,1,0,4.0
0.15694670027434335,21,1,0.27486330176075074,4893.6388574069315,8,0,3,0,3.0
0.1620025771710848,32,0,0.48997520636081404,6804.167343988346,11,0,1,0,2.0
0.19459935313145535,59,0,0.18605449315846334,3026.7187536924857,13,0,2,0,1.0
0.3889033363849212,24,0,0.4404860063506668,5015.615764912547,4,0,4,0,1.0
0.3240072686151163,62,0,0.4205125792805812,6101.330407495676,6,0,0,0,1.0
0.05696068686177275,33,0,0.49445987769343536,6394.02322590133,6,0,4,0,0.0
0.5068443274386882,54,2,0.05817048018697466,6096.854751592549,5,1,4,0,4.0
0.30439250526781686,62,1,0.1666412725752628,2873.6097111969316,12,0,2,0,0.0
0.2972452247392276,41,0,0.279705887072323,6697.666826781428,12,0,2,0,1.0
0.1367056096153261,42,0,0.5298688838391735,5100.790484143546,1,0,2,1,2.0
0.44914011712217095,24,0,0.07927703807507014,3371.6072660405744,11,0,3,0,1.0
0.25181479605739426,38,0,0.37939037097709477,4963.74768898942,7,0,1,0,2.0
0.16951392607312646,25,0,0.27164858081017096,2062.002285031566,10,0,0,0,4.0
0.08014649270573643,39,1,0.44152342938377387,5867.447034515403,8,1,2,0,3.0
0.23253705235538352,22,0,0.14323986705636987,4808.435800192925,1,0,0,1,2.0
0.4841625365767797,32,0,0.18858023915099742,3094.826515631254,10,0,0,0,0.0
0.1693257626556566,37,0,0.2338253207189777,4564.885090486168,7,0,0,3,1.0
0.07477892700140167,30,0,0.04235670241153149,3938.802171434785,4,0,2,1,1.0
0.18524232349219433,54,1,0.41113417316412076,4034.6242715761873,6,0,2,0,1.0
0.16796351370450527,26,1,0.2883568835982517,1608.4506259102486,9,1,1,0,2.0
0.2763354949660545,28,0,0.12579936566508365,2491.754869947996,5,0,2,1,4.0
0.13097855154707988,71,1,0.154828234394086,4655.451512964378,8,0,2,0,2.0
0.1542500262093677,31,0,0.19682396905856664,4397.3741074829595,5,1,0,0,0.0
0.08993538353011882,32,0,0.2469929434579704,6460.967242720591,2,0,1,2,1.0
0.3465590425511273,29,0,0.23322835036092682,4052.325531994282,4,0,4,1,2.0
0.16499025374641893,22,0,0.5196252849774936,4209.528020523096,14,0,2,0,1.0
0.1454381844637113,28,0,0.2862665229296116,4279.64012626004,2,0,2,0,0.0
0.451163889216197,31,2,0.286007625041445,4704.455411301358,7,0,4,0,3.0
0.5292063498589319,73,0,0.17372882106012047,5137.196100535951,7,0,0,0,3.0
0.37717719713879494,56,1,0.5396688306999287,4390.5085837531105,14,0,1,1,3.0
0.49771530922633084,30,2,0.12360564362019144,5856.832231189363,3,0,0,1,1.0
0.42318456662924475,41,0,0.33955359379843925,8450.331460442889,14,0,3,0,2.0
0.21733647489695554,40,1,0.48538772869618746,3761.8341577336478,13,0,2,0,1.0
0.10549743468741869,68,1,0.2499102828203096,5587.745015259194,7,1,3,0,4.0
0.17711581607683305,28,0,0.26303560259909453,5044.289369421985,1,1,2,0,2.0
0.15601042342477014,56,0,0.0827760621497879,6570.551798670127,1,0,3,0,0.0
0.3583027272484148,49,1,0.37171726321789866,5304.499854358698,9,0,4,0,3.0
0.2382117203777517,62,0,0.5060453335425461,3910.323214436963,6,0,2,1,2.0
0.04443763713492062,32,2,0.5754023608065502,3252.4193789724886,13,0,2,1,2.0
0.17743415640634938,34,0,0.1527953926638752,5915.734406138293,14,0,3,1,3.0
0.08105034586883751,68,2,0.11405564480598103,3374.297007094673,12,0,1,0,0.0
0.23325972978998843,74,1,0.21678009441256912,6775.610729252151,5,0,3,0,1.0
0.4563029734443914,70,1,0.18273465182164392,5829.789031586283,13,1,2,1,1.0
0.11099512270858747,41,0,0.07814898210030466,5130.063725217653,6,0,2,0,2.0
0.524107383079782,42,0,0.04711034153170082,3031.617450860789,6,0,1,1,3.0
0.2494485341513156,41,1,0.15180472699252545,6012.984714669108,1,0,0,0,4.0
0.35765966969172464,64,0,0.11678921651805026,7425.149112220561,5,1,1,0,0.0
0.1411241998676989,70,0,0.49273722680047166,4362.357787897185,9,0,0,0,1.0
0.25621935561558057,50,1,0.08555332717102564,3887.138994009154,4,0,2,0,0.0
0.5239791499617252,59,1,0.17966924389579286,4861.961311507661,3,1,4,0,0.0
0.4819498063691885,40,1,0.07637192356836496,5700.413407897821,1,0,4,0,0.0
0.2639644320402215,44,0,0.20374319645275826,4203.171180500407,14,0,3,0,3.0
0.22351415888456408,43,0,0.45880388071473177,6348.797218985012,2,0,1,1,3.0
0.27642704708167387,27,1,0.2626338452516761,7866.076961405546,3,0,1,0,3.0
0.32112925534140707,29,2,0.04044765058335354,5495.3688252769,4,1,4,0,2.0
0.557406885681536,21,1,0.20314646138328263,4512.520845472511,7,0,0,0,3.0
0.16218908617481992,46,1,0.20568519501833427,5660.005662273369,6,0,1,0,2.0
0.15480747939205203,58,1,0.17606074057094978,6765.949344501659,11,0,0,0,1.0
0.20960392282734935,58,1,0.44664038580695353,5239.454942828025,8,0,0,0,1.0
0.10686653718771086,74,0,0.528388922375334,5727.642546654802,14,0,0,1,1.0
0.36441921405229005,64,0,0.5482134804868539,6057.149283113439,9,0,0,0,1.0
0.06985421523280302,42,1,0.2775045609517039,3686.831216218855,6,1,3,0,1.0
0.5752524381494896,64,1,0.674033294225704,5688.682012114413,7,1,3,0,3.0
0.28165155884564697,30,0,0.37328684900849385,2987.076793736301,4,0,4,1,4.0
0.37944115369394515,26,1,0.06373784395053811,4012.35329285435,2,0,3,0,3.0
0.045659631002925305,37,2,0.27129922334931855,6718.493601929442,9,1,1,1,4.0
0.3907392159198113,71,0,0.31722402463754623,6306.55285296615,9,1,3,0,3.0
0.32590294062100394,70,0,0.009584873118490073,4594.729984651386,4,0,1,0,1.0
0.3450841502829877,58,0,0.15573125988552955,7558.690150168597,12,0,1,0,0.0
0.23701367390107056,44,1,0.13208764378549923,3034.7148793998613,3,0,0,0,4.0
0.4243518655493258,71,0,0.06353814753178726,4692.368460564599,10,0,4,0,0.0
0.12881200099088816,30,0,0.31472637908755,5412.656433968644,14,0,0,0,1.0
0.3299114686361586,28,0,0.06972034090427899,1000.0,11,0,0,0,4.0
0.06675553056618239,41,0,0.4179891202903213,4763.506138285857,6,1,3,0,0.0
0.10571078303232644,26,2,0.29864309111565035,3313.2526501575317,14,1,3,1,3.0
0.5357995621053333,41,1,0.33874938622510414,3347.394405702329,14,0,1,1,1.0
0.15957134377575063,59,1,0.30196958461116663,4591.655173445213,3,0,3,1,3.0
0.12287989871766325,44,0,0.25004028616295415,2261.5124445484544,1,0,3,0,3.0
0.30995644773932673,53,0,0.22917121120333594,3788.060324660686,4,2,2,2,1.0
0.5006741240171694,38,0,0.47646298359049694,2296.5764659921606,1,1,1,0,4.0
0.19253338124350866,48,1,0.32615018242452054,5185.680570167455,2,0,1,0,2.0
0.6798139772747849,72,1,0.1915892042764468,5156.520847701772,3,0,2,1,2.0
0.16580692395614124,52,0,0.35756251853959314,4477.178042810923,8,1,1,0,1.0
0.44532573170634104,32,1,0.41412843734278215,6494.667745790001,10,1,4,1,2.0
0.28710346659034747,68,0,0.4746108897975567,4555.756122358902,4,1,4,0,0.0
0.20515210248463084,62,0,0.20889234592157926,4965.379241394083,4,0,2,0,4.0
0.3569482999794101,47,1,0.37566200474869654,3640.9988703790787,13,1,3,1,3.0
0.08720531597496316,30,0,0.15246831548336295,1545.0882686118907,10,0,4,1,3.0
0.23791157291652001,66,2,0.13726317057112788,4781.990431034866,9,2,2,0,1.0
0.2125906368597829,72,1,0.4535810705485924,4586.077609468607,7,0,4,0,3.0
0.3380474712276761,62,1,0.24756857222683856,7564.863022111561,2,0,0,0,0.0
0.29052756084271986,52,0,0.12076700312804743,6001.169035974828,3,0,2,1,0.0
0.3479181328972756,62,2,0.200031046910188,4380.318320785548,4,0,1,1,1.0
0.42219960770511694,46,0,0.1211074707939188,5212.494537108913,4,0,4,0,3.0
0.24249642318363557,45,0,0.5088414226422755,6360.526945504481,10,0,1,0,2.0
0.3024763373927353,31,0,0.12050571597283226,5775.132540484799,8,0,2,0,2.0
0.5685546252018754,43,0,0.5689448688639582,7503.3587514961755,10,0,4,0,4.0
0.29393240112032726,54,0,0.3227725947643712,3815.905371169674,14,0,1,1,1.0
0.23718069472344744,72,0,0.26099985355223143,6462.5513104306265,10,0,3,0,4.0
0.4348483136027772,60,0,0.17715375397634106,4365.691496998843,6,0,3,0,2.0
0.24766475341982122,43,0,0.20733465799446874,5290.424742150481,3,0,0,0,2.0
0.5915252921662858,49,1,0.34900986819000024,4163.484507840242,11,1,2,1,2.0
0.49414273786873564,51,2,0.2691683031954036,4786.98774047941,9,0,1,1,4.0
0.19275092244199293,27,2,0.21834848051457612,5317.343090418432,10,0,0,0,1.0
0.21570858057122805,60,1,0.3236323382742056,5889.880346416714,8,0,2,0,0.0
0.4548274324248505,53,0,0.12886703381025488,5092.035712065986,9,0,3,0,0.0
0.43203347294911104,41,0,0.32132203475959864,1270.7754822946458,5,0,1,1,2.0
0.4727380263938699,22,2,0.24241986857850376,4884.576862550658,3,0,4,2,1.0
0.2538973946761992,38,0,0.26972576760027195,7205.601143480228,4,1,3,1,1.0
0.28572136176326274,67,1,0.20550340439565085,4872.692305295933,14,2,4,1,3.0
0.2317922806044498,53,1,0.20428863065727235,7247.72276019007,13,0,4,0,3.0
0.23320414628000993,57,1,0.07518122371017251,4819.704883599567,12,0,1,1,4.0
0.16973032592208812,54,1,0.45963337268337956,2642.027868800582,5,0,1,1,3.0
0.49151217411248727,40,1,0.5288580539060751,4350.5677309028615,9,1,4,1,4.0
0.33195877515080124,55,0,0.18518507255572492,4162.349471874521,9,0,0,1,0.0
0.34270313402458813,71,1,0.16538065345780992,4655.700406497766,14,2,4,1,2.0
0.47320746037150585,70,0,0.20015141657703345,3222.022336396613,3,1,4,1,1.0
0.057826174727944005,74,0,0.4245846977414572,4986.767799645269,7,0,1,0,0.0
0.3342823374545915,38,1,0.20904011593827698,4507.610238999743,6,0,2,0,0.0
0.5055663733930453,66,0,0.24757511100963447,6931.792786067887,4,0,3,0,4.0
0.10926771693672341,44,0,0.3418740223203861,3184.644317132488,5,0,1,1,2.0
0.47637186210417104,28,1,0.21344351271287532,5368.503029951972,14,0,0,0,4.0
0.3351520189164386,50,0,0.365612488511174,5616.5421839261635,10,0,3,0,0.0
0.31131126560378347,64,0,0.28229427667769585,6162.471333511423,2,0,1,0,1.0
0.31565145210422435,73,1,0.2538184176655284,4454.6181847723565,11,0,1,0,3.0
0.13425930596426694,30,0,0.2570140520516105,5331.201491888804,7,1,2,1,4.0
0.04261251654027319,43,0,0.17069782313766074,5529.917188169424,14,0,0,0,0.0
0.44024925150934274,72,1,0.3819574055726536,2527.454299258479,4,1,0,0,3.0
0.1195934956640864,69,2,0.1939235802984328,4508.449112816802,2,0,1,0,3.0
0.2000779313230957,31,1,0.14731579483618237,4951.002404199516,11,0,2,0,0.0
0.7007817975708072,22,0,0.06908142395119833,5126.867330176185,6,2,1,0,2.0
0.2817555447671213,46,0,0.1712382132011328,5108.508488443211,11,0,4,1,0.0
0.34926511547555156,56,0,0.05939342255451142,5656.281938461947,12,0,4,0,1.0
0.18348662812958907,53,1,0.17478751042012372,7906.407390491244,2,0,2,0,3.0
0.5023166737897836,67,1,0.3519741799436513,4106.8571393825205,10,0,1,0,1.0
0.06245007841002178,33,0,0.14184552976870612,5571.757658829862,2,0,2,1,4.0
0.4354437700393007,60,1,0.30259822595783215,6951.954778999067,7,0,1,1,3.0
0.0920630148030118,45,1,0.3696300165258111,2302.042070058085,1,1,1,0,2.0
0.6257518883853295,24,0,0.25674725193875453,5402.196619646165,7,0,4,0,0.0
0.37700811694720254,62,1,0.37180324331073356,2479.4310402624305,10,1,3,0,4.0
0.1271719790497805,39,0,0.7556520031997935,8278.366610693804,5,0,0,0,1.0
0.27435287356315835,38,2,0.4451071576876789,5783.076101446823,1,1,0,0,4.0
0.38256661568693123,57,1,0.4869642885805576,5580.63598670654,6,1,2,0,2.0
0.17843961982715925,50,0,0.3534083833434822,2189.9389563942464,7,0,0,0,0.0
0.2162905367743838,39,0,0.3805583866632603,4243.2622708157105,1,1,4,0,4.0
0.5209740341645329,43,1,0.08899968705330628,4250.305912137841,9,0,3,0,1.0
0.279074004926693,74,0,0.23585021225781974,7649.6833308781825,7,0,1,1,4.0
0.48498879957497276,36,0,0.4231587379407937,6093.801855283648,1,0,1,1,0.0
0.3481128642195799,21,0,0.27401496214831306,2520.6099538756657,3,1,4,0,4.0
0.37769730827879666,32,2,0.29058120984567476,5704.25337852795,5,0,0,0,1.0
0.45526763848906865,44,0,0.19242107179282555,2745.6435746416473,4,0,1,0,0.0
0.564636774420852,54,1,0.18109615377359492,2556.0001885335623,2,0,0,0,2.0
0.13525495524082082,73,1,0.43410480876260793,5680.133125540365,1,1,4,0,2.0
0.41890629703440113,28,0,0.15337558946355573,6117.153696479662,4,0,1,0,3.0
0.6277239733678208,38,0,0.7499762160091072,5688.1303850483555,7,0,2,0,4.0
0.42330626189328024,68,2,0.07726559005248715,7819.373873121975,11,0,3,1,1.0
0.3242865327317485,25,0,0.313101157054467,5553.128804491567,4,0,0,0,4.0
0.5237323534287259,46,1,0.19696429204562454,5255.141313159605,9,1,0,0,0.0
0.6843643932117193,50,0,0.19468796689570428,3175.9858424873746,14,0,0,1,3.0
0.35926527588984386,74,0,0.30825158629378824,6286.420517979123,8,1,0,0,1.0
0.3939614324212918,33,0,0.34563063705038133,2522.8336244537145,8,0,4,1,4.0
0.3799956547644613,39,0,0.019137235002809425,8030.5536107268745,5,0,4,0,1.0
0.08417433653931046,49,0,0.25812433757361974,6306.196913389819,12,0,4,0,0.0
0.43722711473977127,23,0,0.19891390524764285,9184.696029941593,1,0,4,1,3.0
0.09410779357588527,46,0,0.8136628359252117,5583.992162861909,9,0,1,0,1.0
0.3982612864989766,60,0,0.25788786626419985,6380.249091636004,2,1,4,0,0.0
0.07765506645751091,32,0,0.045215064608423484,4584.243335025993,6,1,1,0,2.0
0.12821245493162958,22,1,0.35805174803882894,4935.0806181678,10,0,2,0,1.0
0.21425064305656616,31,1,0.5456407507770505,3422.6991367650417,14,0,4,1,3.0
0.18980885239554654,64,1,0.36926311357041774,2828.437027148496,5,0,2,2,1.0
0.449549690409468,48,1,0.017361440065540808,5284.24671036998,10,0,4,0,1.0
0.23408313613509113,38,1,0.1378327322744394,4926.226240739253,13,0,2,0,0.0
0.10047468691113758,33,1,0.5893984473065792,3386.0394258522624,8,0,3,0,4.0
0.1752910699720822,57,0,0.3464370843030177,3651.9023865175295,11,0,2,0,4.0
0.31120624590899987,42,0,0.2840924832958087,5048.704986061964,3,1,1,0,1.0
0.30725814341699853,32,2,0.13270666944478898,3360.317375327626,6,0,0,0,3.0
0.31622983906163077,22,0,0.13730230702785134,5534.967619212711,6,0,2,0,3.0
0.4493230296578294,57,0,0.48108186916996715,3406.8662493196393,10,0,0,1,0.0
0.4992607592612914,27,1,0.30475390575320305,5383.781719889223,3,0,3,0,1.0
0.37973287476095796,46,1,0.3539183363117009,3273.9318319098297,12,0,3,1,1.0
0.25879512048478875,46,1,0.12565190786118124,3280.2266347621403,12,1,1,0,4.0
0.21720650202910807,44,0,0.5681815819667677,1456.653260239712,12,0,1,0,0.0
0.6337271424536701,32,0,0.041953946672403146,4759.581515023835,7,1,2,1,2.0
0.3024225452045582,36,1,0.05773447350882069,7181.097150955236,11,1,4,0,3.0
0.35324383153672906,43,0,0.11054937249713208,7095.996220874398,4,0,3,0,3.0
0.19600880118123296,60,0,0.306599041153602,5486.101255191371,5,0,0,0,1.0
0.19460414633823603,29,0,0.36472405131010543,1998.4782764096853,9,0,4,0,0.0
0.12016596269169015,52,1,0.4850889333350631,6265.8127898508865,6,0,3,0,2.0
0.2881738348704263,35,0,0.2612906012594617,5338.499410281421,10,1,2,2,3.0
0.19451076843381124,57,0,0.44721383836607126,4390.245260462991,13,0,3,0,0.0
0.22190174670034968,33,1,0.17093802609090059,6811.049191870491,4,0,1,0,2.0
0.49244241405815076,25,2,0.16235130036934667,5923.167030212771,8,2,0,1,1.0
0.08506599782258312,31,0,0.08821637193770264,7942.323564178833,9,1,0,0,4.0
0.17078468035505964,30,1,0.5591705096422106,2891.5417490779487,10,0,1,1,3.0
0.3275299415979275,72,0,0.20951363978177445,3008.8545391480247,5,1,4,0,3.0
0.3146017534698956,33,0,0.49458962353128477,3261.530823901312,2,0,1,2,2.0
0.5591300431761457,61,0,0.30008281103041845,4572.4677339631335,6,0,0,0,4.0
0.05690746574113332,73,2,0.4201900553119688,7382.2583821946155,11,0,2,1,0.0
0.5215862971395819,66,0,0.28435073221229373,4064.611211969343,12,0,4,0,1.0
0.11091117446247269,70,0,0.5266844127045415,4096.693729162649,8,0,3,0,0.0
0.22652284530795472,35,0,0.1714771703922457,5625.937900271932,13,1,2,1,2.0
0.08232379528839835,62,0,0.5059548829649595,6264.733171691757,5,1,4,0,3.0
0.02033762111179792,27,1,0.11373170920045213,1644.8126085280073,1,0,0,2,3.0
0.515099224706211,60,1,0.7306366626048637,6559.572314282876,8,0,0,0,0.0
0.1524295832997067,48,0,0.5159575913754297,4017.1755410975434,9,1,2,0,1.0
0.401561690342304,52,0,0.34251386476878426,4846.362929059809,1,2,4,1,2.0
0.1934741652155991,55,0,0.46915064175876303,7127.396199106306,8,0,3,0,1.0
0.5676055160091945,35,0,0.28133766674700156,4675.334601058291,10,0,3,1,2.0
0.207457529958512,68,1,0.6688147453747527,2702.194219721138,12,0,1,1,1.0
0.24303279275432918,56,2,0.6564113899809443,2789.142048603582,2,0,2,0,0.0
0.16867962259904035,41,0,0.13467065789441665,4956.33217830596,4,1,4,0,4.0
0.11978721348434995,26,0,0.05636279035352885,4498.452897252869,13,1,2,0,2.0
0.4281637369757693,21,1,0.35829299302255047,5089.209761254301,2,0,3,0,0.0
0.2805328520070296,24,1,0.23903600535413333,4398.083028455543,2,0,4,1,3.0
0.025530459181464824,31,2,0.5024537426138825,6862.140275427307,10,1,0,0,3.0
0.5758838933798938,64,0,0.5030816803794714,5037.150859722605,3,0,0,0,1.0
0.24667491342653283,46,1,0.23787944614079232,2355.533514460942,14,0,4,0,3.0
0.12659141193795395,57,0,0.27074265853420315,6224.799487795111,8,0,2,0,4.0
0.07690526282307505,43,1,0.26523761350266084,7859.406416240268,4,0,2,0,2.0
0.13178659947560378,49,0,0.08496584426096886,5232.396471782293,7,1,0,0,1.0
0.34235225040309447,41,1,0.3972081198781825,5348.825545160487,12,0,0,1,2.0
0.4422870444385288,68,0,0.24483729534719104,3830.1724819059373,10,1,3,1,2.0
0.22902080143355766,65,0,0.22543773672142986,4636.323890814352,3,0,4,1,0.0
0.8133424050014515,65,1,0.2122913011262548,5754.305014239876,10,1,2,0,3.0
0.20792342426577648,69,1,0.22749087123156853,6697.685098968388,12,0,3,0,2.0
0.26083444259376065,47,0,0.3266810985643254,5669.000418395607,14,2,2,1,4.0
0.10952628416623476,59,0,0.11128190095273116,7727.061317808462,14,0,0,0,4.0
0.25085125200039493,60,0,0.4062794624500325,5147.705471076628,13,1,4,0,3.0
0.46152626905013167,33,0,0.13741349392762092,3317.4567447222043,11,0,1,0,3.0
0.6224521206393593,43,0,0.1645267070021486,3360.416913816833,14,1,4,0,1.0
0.3984798933684013,36,0,0.5016005374170256,6851.617597816554,3,0,1,0,1.0
0.058734322284688646,50,0,0.24630059889677727,6510.652961931648,2,0,3,0,1.0
0.09968586243360074,24,0,0.318783379949993,2533.0938974796727,13,0,1,0,3.0
0.05874538677015844,60,1,0.24647765308120734,4685.7377143461545,12,0,1,0,2.0
0.14049481279644285,36,0,0.09649553882476881,4740.209287066232,6,0,3,0,0.0
0.18135617969878268,51,1,0.3537655141428755,3872.7007125532105,6,0,4,0,1.0
0.12077322769540527,73,1,0.17912430072513308,2884.440418327191,1,0,3,1,0.0
0.3803905055871858,62,0,0.14390378714676927,3839.5937516025806,7,2,0,1,4.0
0.11550874706878707,45,1,0.5722136430132029,3569.977158027565,12,0,0,1,3.0
